filename,label
Wavepool Lifeguard Rescue 2.mp43244.jpg,0
Wavepool Lifeguard Rescue 15.mp42024.jpg,0
Wavepool Lifeguard Rescue 16.mp41606.jpg,0
Wavepool Lifeguard Rescue 4.mp42997.jpg,0
Wavepool Lifeguard Rescue 5.mp41285.jpg,0
Wavepool Lifeguard Rescue 4.mp41966.jpg,0
Wavepool Lifeguard Rescue 2.mp41870.jpg,0
Wavepool Lifeguard Rescue 11.mp41405.jpg,0
Wavepool Lifeguard Rescue 5.mp42518.jpg,0
Wavepool Lifeguard Rescue 4.mp41341.jpg,0
Wavepool Lifeguard Rescue 8.mp4156.jpg,0
Wavepool Lifeguard Rescue 6.mp4724.jpg,0
Wavepool Lifeguard Rescue 16.mp43133.jpg,0
Wavepool Lifeguard Rescue 5.mp41169.jpg,0
Wavepool Lifeguard Rescue 4.mp42620.jpg,0
Wavepool Lifeguard Rescue 5.mp42481.jpg,0
Wavepool Lifeguard Rescue 2.mp4436.jpg,0
Wavepool Lifeguard Rescue 2.mp4450.jpg,0
Wavepool Lifeguard Rescue 6.mp42069.jpg,0
Wavepool Lifeguard Rescue 4.mp41405.jpg,0
Wavepool Lifeguard Rescue 11.mp41180.jpg,0
Wavepool Lifeguard Rescue 10.mp4313.jpg,1
Wavepool Lifeguard Rescue 5.mp42423.jpg,0
Wavepool Lifeguard Rescue 5.mp42164.jpg,0
Wavepool Lifeguard Rescue 10.mp4782.jpg,0
Wavepool Lifeguard Rescue 5.mp4945.jpg,0
Wavepool Lifeguard Rescue 15.mp41754.jpg,0
Wavepool Lifeguard Rescue 4.mp41614.jpg,0
Wavepool Lifeguard Rescue 6.mp41057.jpg,0
Wavepool Lifeguard Rescue 2.mp4493.jpg,1
Wavepool Lifeguard Rescue 2.mp420.jpg,0
Wavepool Lifeguard Rescue 15.mp43331.jpg,0
Wavepool Lifeguard Rescue 6.mp43457.jpg,0
Wavepool Lifeguard Rescue 15.mp4943.jpg,0
Wavepool Lifeguard Rescue 8.mp41328.jpg,0
Wavepool Lifeguard Rescue 10.mp47.jpg,0
Wavepool Lifeguard Rescue 16.mp4568.jpg,0
Wavepool Lifeguard Rescue 13.mp4337.jpg,0
Wavepool Lifeguard Rescue 11.mp41058.jpg,0
Wavepool Lifeguard Rescue 15.mp45957.jpg,0
Wavepool Lifeguard Rescue 5.mp42242.jpg,0
Wavepool Lifeguard Rescue 11.mp42138.jpg,0
Wavepool Lifeguard Rescue 6.mp44543.jpg,0
Wavepool Lifeguard Rescue 15.mp44921.jpg,0
Wavepool Lifeguard Rescue.mp418.jpg,0
Wavepool Lifeguard Rescue 13.mp41026.jpg,1
Wavepool Lifeguard Rescue 5.mp4123.jpg,0
Wavepool Lifeguard Rescue.mp4135.jpg,0
Wavepool Lifeguard Rescue.mp41412.jpg,0
Wavepool Lifeguard Rescue 15.mp44397.jpg,0
Wavepool Lifeguard Rescue 11.mp42033.jpg,0
Wavepool Lifeguard Rescue 6.mp42231.jpg,0
Wavepool Lifeguard Rescue.mp42088.jpg,0
Wavepool Lifeguard Rescue 12.mp42899.jpg,0
Wavepool Lifeguard Rescue 10.mp41366.jpg,0
Wavepool Lifeguard Rescue 12.mp42157.jpg,0
Wavepool Lifeguard Rescue 15.mp43210.jpg,0
Wavepool Lifeguard Rescue 6.mp43543.jpg,0
Wavepool Lifeguard Rescue 11.mp41750.jpg,0
Wavepool Lifeguard Rescue 11.mp41865.jpg,1
Wavepool Lifeguard Rescue 11.mp4279.jpg,0
Wavepool Lifeguard Rescue 6.mp42903.jpg,0
Wavepool Lifeguard Rescue.mp43897.jpg,0
Wavepool Lifeguard Rescue 13.mp4264.jpg,0
Wavepool Lifeguard Rescue.mp41512.jpg,1
Wavepool Lifeguard Rescue 15.mp45335.jpg,0
Wavepool Lifeguard Rescue.mp4385.jpg,0
Wavepool Lifeguard Rescue 4.mp4555.jpg,0
Wavepool Lifeguard Rescue 6.mp41581.jpg,0
Wavepool Lifeguard Rescue 15.mp43398.jpg,0
Wavepool Lifeguard Rescue 16.mp42005.jpg,0
Wavepool Lifeguard Rescue 6.mp44103.jpg,0
Wavepool Lifeguard Rescue 15.mp44000.jpg,0
Wavepool Lifeguard Rescue 9.mp4763.jpg,0
Wavepool Lifeguard Rescue 4.mp42702.jpg,0
Wavepool Lifeguard Rescue 6.mp44025.jpg,0
Wavepool Lifeguard Rescue 11.mp4160.jpg,0
Wavepool Lifeguard Rescue 4.mp4605.jpg,0
Wavepool Lifeguard Rescue 9.mp4929.jpg,0
Wavepool Lifeguard Rescue.mp43519.jpg,0
Wavepool Lifeguard Rescue 6.mp4109.jpg,0
Wavepool Lifeguard Rescue 11.mp42808.jpg,0
Wavepool Lifeguard Rescue 2.mp42669.jpg,1
Wavepool Lifeguard Rescue 4.mp4845.jpg,0
Wavepool Lifeguard Rescue 6.mp41007.jpg,0
Wavepool Lifeguard Rescue 13.mp41672.jpg,0
Wavepool Lifeguard Rescue.mp43922.jpg,0
Wavepool Lifeguard Rescue 16.mp42612.jpg,0
Wavepool Lifeguard Rescue 11.mp43148.jpg,0
Wavepool Lifeguard Rescue 15.mp41544.jpg,0
Wavepool Lifeguard Rescue 2.mp433.jpg,0
Wavepool Lifeguard Rescue 15.mp44933.jpg,0
Wavepool Lifeguard Rescue 4.mp42286.jpg,0
Wavepool Lifeguard Rescue 15.mp41500.jpg,0
Wavepool Lifeguard Rescue 8.mp4649.jpg,0
Wavepool Lifeguard Rescue 16.mp4677.jpg,0
Wavepool Lifeguard Rescue 15.mp43853.jpg,0
Wavepool Lifeguard Rescue 15.mp44112.jpg,0
Wavepool Lifeguard Rescue 8.mp4127.jpg,0
Wavepool Lifeguard Rescue 5.mp4277.jpg,0
Wavepool Lifeguard Rescue 4.mp4172.jpg,0
Wavepool Lifeguard Rescue 12.mp41842.jpg,1
Wavepool Lifeguard Rescue 13.mp41523.jpg,1
Wavepool Lifeguard Rescue 11.mp42063.jpg,0
Wavepool Lifeguard Rescue 11.mp42690.jpg,1
Wavepool Lifeguard Rescue 9.mp4142.jpg,0
Wavepool Lifeguard Rescue 6.mp44050.jpg,0
Wavepool Lifeguard Rescue 12.mp4424.jpg,0
Wavepool Lifeguard Rescue 15.mp43617.jpg,0
Wavepool Lifeguard Rescue 5.mp43129.jpg,0
Wavepool Lifeguard Rescue 4.mp42970.jpg,0
Wavepool Lifeguard Rescue 11.mp41838.jpg,0
Wavepool Lifeguard Rescue 6.mp44670.jpg,0
Wavepool Lifeguard Rescue 4.mp41989.jpg,0
Wavepool Lifeguard Rescue 6.mp43823.jpg,0
Wavepool Lifeguard Rescue 6.mp45719.jpg,0
Wavepool Lifeguard Rescue.mp43303.jpg,0
Wavepool Lifeguard Rescue 15.mp43753.jpg,0
Wavepool Lifeguard Rescue 10.mp41638.jpg,0
Wavepool Lifeguard Rescue 5.mp41722.jpg,0
Wavepool Lifeguard Rescue 15.mp43264.jpg,0
Wavepool Lifeguard Rescue 15.mp45609.jpg,0
Wavepool Lifeguard Rescue 15.mp4461.jpg,0
Wavepool Lifeguard Rescue 16.mp43325.jpg,0
Wavepool Lifeguard Rescue 5.mp42438.jpg,0
Wavepool Lifeguard Rescue 16.mp4801.jpg,0
Wavepool Lifeguard Rescue 15.mp45325.jpg,0
Wavepool Lifeguard Rescue 12.mp41933.jpg,0
Wavepool Lifeguard Rescue 4.mp4535.jpg,0
Wavepool Lifeguard Rescue 15.mp42486.jpg,0
Wavepool Lifeguard Rescue 6.mp413.jpg,0
Wavepool Lifeguard Rescue 16.mp43011.jpg,0
Wavepool Lifeguard Rescue 8.mp41587.jpg,0
Wavepool Lifeguard Rescue 5.mp4579.jpg,0
Wavepool Lifeguard Rescue 6.mp44255.jpg,0
Wavepool Lifeguard Rescue 5.mp42349.jpg,0
Wavepool Lifeguard Rescue 6.mp42177.jpg,0
Wavepool Lifeguard Rescue 16.mp41218.jpg,0
Wavepool Lifeguard Rescue 16.mp41283.jpg,0
Wavepool Lifeguard Rescue 2.mp42405.jpg,0
Wavepool Lifeguard Rescue 11.mp41785.jpg,0
Wavepool Lifeguard Rescue 12.mp41039.jpg,0
Wavepool Lifeguard Rescue 10.mp41710.jpg,0
Wavepool Lifeguard Rescue 4.mp41303.jpg,1
Wavepool Lifeguard Rescue.mp42050.jpg,0
Wavepool Lifeguard Rescue 12.mp42988.jpg,0
Wavepool Lifeguard Rescue 5.mp4352.jpg,0
Wavepool Lifeguard Rescue 12.mp41061.jpg,0
Wavepool Lifeguard Rescue 6.mp45043.jpg,0
Wavepool Lifeguard Rescue 6.mp43740.jpg,0
Wavepool Lifeguard Rescue 6.mp42764.jpg,0
Wavepool Lifeguard Rescue 15.mp42666.jpg,0
Wavepool Lifeguard Rescue 15.mp45034.jpg,0
Wavepool Lifeguard Rescue 15.mp42448.jpg,0
Wavepool Lifeguard Rescue 11.mp42515.jpg,0
Wavepool Lifeguard Rescue 10.mp4815.jpg,0
Wavepool Lifeguard Rescue 5.mp43421.jpg,1
Wavepool Lifeguard Rescue 8.mp473.jpg,0
Wavepool Lifeguard Rescue 9.mp4111.jpg,0
Wavepool Lifeguard Rescue 9.mp4373.jpg,0
Wavepool Lifeguard Rescue.mp42504.jpg,1
Wavepool Lifeguard Rescue 15.mp44946.jpg,0
Wavepool Lifeguard Rescue 13.mp4554.jpg,0
Wavepool Lifeguard Rescue 6.mp4674.jpg,1
Wavepool Lifeguard Rescue 11.mp43012.jpg,0
Wavepool Lifeguard Rescue 16.mp41441.jpg,0
Wavepool Lifeguard Rescue 4.mp4415.jpg,0
Wavepool Lifeguard Rescue.mp430.jpg,0
Wavepool Lifeguard Rescue 6.mp4881.jpg,0
Wavepool Lifeguard Rescue 16.mp42162.jpg,0
Wavepool Lifeguard Rescue 15.mp42484.jpg,0
Wavepool Lifeguard Rescue.mp43610.jpg,0
Wavepool Lifeguard Rescue 2.mp43442.jpg,0
Wavepool Lifeguard Rescue 13.mp4245.jpg,0
Wavepool Lifeguard Rescue 13.mp41452.jpg,0
Wavepool Lifeguard Rescue 15.mp43286.jpg,0
Wavepool Lifeguard Rescue 12.mp41085.jpg,0
Wavepool Lifeguard Rescue.mp42600.jpg,0
Wavepool Lifeguard Rescue 5.mp41433.jpg,0
Wavepool Lifeguard Rescue 15.mp43769.jpg,0
Wavepool Lifeguard Rescue 11.mp41889.jpg,0
Wavepool Lifeguard Rescue 8.mp4273.jpg,0
Wavepool Lifeguard Rescue 11.mp42912.jpg,0
Wavepool Lifeguard Rescue 16.mp4809.jpg,0
Wavepool Lifeguard Rescue 2.mp42778.jpg,0
Wavepool Lifeguard Rescue 13.mp4393.jpg,0
Wavepool Lifeguard Rescue 15.mp41954.jpg,0
Wavepool Lifeguard Rescue 6.mp41104.jpg,0
Wavepool Lifeguard Rescue 6.mp45364.jpg,0
Wavepool Lifeguard Rescue 8.mp421.jpg,0
Wavepool Lifeguard Rescue 5.mp41237.jpg,0
Wavepool Lifeguard Rescue 12.mp41198.jpg,0
Wavepool Lifeguard Rescue 4.mp41124.jpg,0
Wavepool Lifeguard Rescue 10.mp440.jpg,1
Wavepool Lifeguard Rescue 9.mp4628.jpg,0
Wavepool Lifeguard Rescue 12.mp41869.jpg,0
Wavepool Lifeguard Rescue 12.mp41556.jpg,0
Wavepool Lifeguard Rescue 16.mp43333.jpg,0
Wavepool Lifeguard Rescue 6.mp42727.jpg,0
Wavepool Lifeguard Rescue 2.mp41841.jpg,0
Wavepool Lifeguard Rescue 15.mp45060.jpg,1
Wavepool Lifeguard Rescue 15.mp41586.jpg,0
Wavepool Lifeguard Rescue 6.mp43508.jpg,0
Wavepool Lifeguard Rescue.mp42974.jpg,0
Wavepool Lifeguard Rescue 10.mp4801.jpg,0
Wavepool Lifeguard Rescue 15.mp4741.jpg,1
Wavepool Lifeguard Rescue 11.mp43108.jpg,0
Wavepool Lifeguard Rescue 16.mp4759.jpg,0
Wavepool Lifeguard Rescue 5.mp42394.jpg,0
Wavepool Lifeguard Rescue 2.mp4949.jpg,0
Wavepool Lifeguard Rescue.mp444.jpg,0
Wavepool Lifeguard Rescue 15.mp42030.jpg,0
Wavepool Lifeguard Rescue 16.mp4300.jpg,0
Wavepool Lifeguard Rescue 15.mp42746.jpg,0
Wavepool Lifeguard Rescue.mp41816.jpg,0
Wavepool Lifeguard Rescue 16.mp43435.jpg,0
Wavepool Lifeguard Rescue 8.mp4794.jpg,0
Wavepool Lifeguard Rescue 5.mp41889.jpg,0
Wavepool Lifeguard Rescue 6.mp42370.jpg,0
Wavepool Lifeguard Rescue 16.mp42655.jpg,0
Wavepool Lifeguard Rescue 16.mp42816.jpg,1
Wavepool Lifeguard Rescue 2.mp43219.jpg,0
Wavepool Lifeguard Rescue 6.mp44898.jpg,0
Wavepool Lifeguard Rescue 16.mp43101.jpg,0
Wavepool Lifeguard Rescue 15.mp45662.jpg,1
Wavepool Lifeguard Rescue 12.mp4491.jpg,0
Wavepool Lifeguard Rescue 5.mp41399.jpg,0
Wavepool Lifeguard Rescue 9.mp4157.jpg,0
Wavepool Lifeguard Rescue 15.mp43281.jpg,0
Wavepool Lifeguard Rescue.mp4603.jpg,0
Wavepool Lifeguard Rescue 9.mp41163.jpg,0
Wavepool Lifeguard Rescue 13.mp41050.jpg,0
Wavepool Lifeguard Rescue.mp43940.jpg,0
Wavepool Lifeguard Rescue 2.mp43184.jpg,0
Wavepool Lifeguard Rescue 12.mp4272.jpg,0
Wavepool Lifeguard Rescue 12.mp4499.jpg,0
Wavepool Lifeguard Rescue 6.mp44785.jpg,0
Wavepool Lifeguard Rescue.mp43531.jpg,0
Wavepool Lifeguard Rescue 4.mp4312.jpg,1
Wavepool Lifeguard Rescue 10.mp4209.jpg,0
Wavepool Lifeguard Rescue 4.mp41719.jpg,0
Wavepool Lifeguard Rescue 5.mp42885.jpg,0
Wavepool Lifeguard Rescue 6.mp43272.jpg,0
Wavepool Lifeguard Rescue 15.mp45109.jpg,0
Wavepool Lifeguard Rescue 9.mp4153.jpg,0
Wavepool Lifeguard Rescue 4.mp41517.jpg,0
Wavepool Lifeguard Rescue 15.mp45613.jpg,0
Wavepool Lifeguard Rescue 2.mp43421.jpg,0
Wavepool Lifeguard Rescue 10.mp41466.jpg,1
Wavepool Lifeguard Rescue 10.mp4825.jpg,0
Wavepool Lifeguard Rescue.mp4126.jpg,0
Wavepool Lifeguard Rescue 16.mp42031.jpg,0
Wavepool Lifeguard Rescue 4.mp42134.jpg,0
Wavepool Lifeguard Rescue 4.mp4165.jpg,0
Wavepool Lifeguard Rescue 5.mp41519.jpg,0
Wavepool Lifeguard Rescue 4.mp42625.jpg,0
Wavepool Lifeguard Rescue 2.mp4497.jpg,0
Wavepool Lifeguard Rescue 6.mp45859.jpg,0
Wavepool Lifeguard Rescue 16.mp42549.jpg,0
Wavepool Lifeguard Rescue.mp43266.jpg,0
Wavepool Lifeguard Rescue 12.mp41900.jpg,0
Wavepool Lifeguard Rescue 6.mp45107.jpg,0
Wavepool Lifeguard Rescue 11.mp4888.jpg,0
Wavepool Lifeguard Rescue.mp4967.jpg,0
Wavepool Lifeguard Rescue 2.mp4948.jpg,0
Wavepool Lifeguard Rescue 15.mp45881.jpg,0
Wavepool Lifeguard Rescue 11.mp42266.jpg,0
Wavepool Lifeguard Rescue.mp43642.jpg,0
Wavepool Lifeguard Rescue 5.mp43116.jpg,0
Wavepool Lifeguard Rescue 4.mp41107.jpg,0
Wavepool Lifeguard Rescue 10.mp41423.jpg,0
Wavepool Lifeguard Rescue 4.mp42024.jpg,0
Wavepool Lifeguard Rescue 2.mp42303.jpg,0
Wavepool Lifeguard Rescue 15.mp43566.jpg,0
Wavepool Lifeguard Rescue 12.mp4995.jpg,0
Wavepool Lifeguard Rescue 12.mp41500.jpg,0
Wavepool Lifeguard Rescue 4.mp4607.jpg,0
Wavepool Lifeguard Rescue.mp42949.jpg,0
Wavepool Lifeguard Rescue.mp43093.jpg,0
Wavepool Lifeguard Rescue 12.mp4824.jpg,0
Wavepool Lifeguard Rescue 11.mp43011.jpg,0
Wavepool Lifeguard Rescue 11.mp43231.jpg,0
Wavepool Lifeguard Rescue 11.mp4747.jpg,0
Wavepool Lifeguard Rescue 4.mp42876.jpg,0
Wavepool Lifeguard Rescue 5.mp43250.jpg,0
Wavepool Lifeguard Rescue 8.mp4390.jpg,0
Wavepool Lifeguard Rescue 15.mp42891.jpg,0
Wavepool Lifeguard Rescue 11.mp4929.jpg,0
Wavepool Lifeguard Rescue.mp43952.jpg,0
Wavepool Lifeguard Rescue 9.mp4819.jpg,0
Wavepool Lifeguard Rescue 13.mp4738.jpg,0
Wavepool Lifeguard Rescue 2.mp41909.jpg,0
Wavepool Lifeguard Rescue 6.mp4921.jpg,0
Wavepool Lifeguard Rescue 11.mp41599.jpg,0
Wavepool Lifeguard Rescue.mp42010.jpg,0
Wavepool Lifeguard Rescue 5.mp41618.jpg,0
Wavepool Lifeguard Rescue 6.mp45002.jpg,0
Wavepool Lifeguard Rescue 6.mp44133.jpg,0
Wavepool Lifeguard Rescue.mp41928.jpg,0
Wavepool Lifeguard Rescue 4.mp41984.jpg,0
Wavepool Lifeguard Rescue 10.mp41381.jpg,0
Wavepool Lifeguard Rescue 15.mp4143.jpg,0
Wavepool Lifeguard Rescue 6.mp41262.jpg,0
Wavepool Lifeguard Rescue.mp4254.jpg,0
Wavepool Lifeguard Rescue 10.mp41875.jpg,0
Wavepool Lifeguard Rescue.mp41521.jpg,0
Wavepool Lifeguard Rescue 11.mp43495.jpg,0
Wavepool Lifeguard Rescue.mp43287.jpg,0
Wavepool Lifeguard Rescue 15.mp41957.jpg,1
Wavepool Lifeguard Rescue 6.mp43845.jpg,0
Wavepool Lifeguard Rescue 4.mp4420.jpg,0
Wavepool Lifeguard Rescue 13.mp4250.jpg,0
Wavepool Lifeguard Rescue 16.mp41781.jpg,0
Wavepool Lifeguard Rescue 15.mp44082.jpg,0
Wavepool Lifeguard Rescue 15.mp4263.jpg,0
Wavepool Lifeguard Rescue 12.mp42190.jpg,0
Wavepool Lifeguard Rescue 2.mp4954.jpg,0
Wavepool Lifeguard Rescue.mp41745.jpg,0
Wavepool Lifeguard Rescue.mp41181.jpg,0
Wavepool Lifeguard Rescue 9.mp4502.jpg,0
Wavepool Lifeguard Rescue 15.mp44382.jpg,0
Wavepool Lifeguard Rescue 6.mp41939.jpg,0
Wavepool Lifeguard Rescue 11.mp42556.jpg,0
Wavepool Lifeguard Rescue 4.mp4574.jpg,0
Wavepool Lifeguard Rescue 2.mp42002.jpg,0
Wavepool Lifeguard Rescue 16.mp41424.jpg,0
Wavepool Lifeguard Rescue 13.mp41996.jpg,0
Wavepool Lifeguard Rescue 15.mp41235.jpg,1
Wavepool Lifeguard Rescue.mp43805.jpg,0
Wavepool Lifeguard Rescue 2.mp4736.jpg,0
Wavepool Lifeguard Rescue 15.mp45718.jpg,0
Wavepool Lifeguard Rescue 4.mp42738.jpg,0
Wavepool Lifeguard Rescue 6.mp45032.jpg,0
Wavepool Lifeguard Rescue 2.mp4947.jpg,0
Wavepool Lifeguard Rescue 16.mp4364.jpg,0
Wavepool Lifeguard Rescue.mp43690.jpg,0
Wavepool Lifeguard Rescue 15.mp45977.jpg,0
Wavepool Lifeguard Rescue 10.mp4913.jpg,1
Wavepool Lifeguard Rescue 2.mp43337.jpg,0
Wavepool Lifeguard Rescue 2.mp41049.jpg,0
Wavepool Lifeguard Rescue 12.mp42762.jpg,0
Wavepool Lifeguard Rescue 6.mp44076.jpg,0
Wavepool Lifeguard Rescue 2.mp42000.jpg,0
Wavepool Lifeguard Rescue 4.mp4118.jpg,0
Wavepool Lifeguard Rescue 11.mp4528.jpg,0
Wavepool Lifeguard Rescue 2.mp41233.jpg,0
Wavepool Lifeguard Rescue 12.mp4466.jpg,0
Wavepool Lifeguard Rescue.mp4518.jpg,0
Wavepool Lifeguard Rescue 16.mp4749.jpg,0
Wavepool Lifeguard Rescue 11.mp41688.jpg,0
Wavepool Lifeguard Rescue 15.mp43283.jpg,0
Wavepool Lifeguard Rescue.mp42964.jpg,0
Wavepool Lifeguard Rescue 16.mp43558.jpg,0
Wavepool Lifeguard Rescue 15.mp43636.jpg,1
Wavepool Lifeguard Rescue 15.mp4969.jpg,0
Wavepool Lifeguard Rescue 16.mp42752.jpg,0
Wavepool Lifeguard Rescue 11.mp41227.jpg,0
Wavepool Lifeguard Rescue 6.mp45547.jpg,0
Wavepool Lifeguard Rescue 12.mp42251.jpg,0
Wavepool Lifeguard Rescue 5.mp41668.jpg,0
Wavepool Lifeguard Rescue 11.mp42447.jpg,0
Wavepool Lifeguard Rescue 4.mp4603.jpg,0
Wavepool Lifeguard Rescue 6.mp41690.jpg,0
Wavepool Lifeguard Rescue 4.mp4447.jpg,1
Wavepool Lifeguard Rescue 15.mp43523.jpg,0
Wavepool Lifeguard Rescue 15.mp45513.jpg,0
Wavepool Lifeguard Rescue 6.mp45531.jpg,0
Wavepool Lifeguard Rescue 2.mp43145.jpg,0
Wavepool Lifeguard Rescue 5.mp4217.jpg,0
Wavepool Lifeguard Rescue 9.mp4186.jpg,1
Wavepool Lifeguard Rescue 6.mp43854.jpg,0
Wavepool Lifeguard Rescue 6.mp41988.jpg,0
Wavepool Lifeguard Rescue 11.mp43429.jpg,0
Wavepool Lifeguard Rescue 15.mp45288.jpg,0
Wavepool Lifeguard Rescue 13.mp41833.jpg,0
Wavepool Lifeguard Rescue.mp41110.jpg,0
Wavepool Lifeguard Rescue.mp43007.jpg,0
Wavepool Lifeguard Rescue 12.mp495.jpg,0
Wavepool Lifeguard Rescue 6.mp41263.jpg,0
Wavepool Lifeguard Rescue 2.mp42670.jpg,0
Wavepool Lifeguard Rescue.mp4837.jpg,0
Wavepool Lifeguard Rescue 4.mp4891.jpg,0
Wavepool Lifeguard Rescue 8.mp41097.jpg,0
Wavepool Lifeguard Rescue 11.mp4116.jpg,0
Wavepool Lifeguard Rescue 2.mp4753.jpg,0
Wavepool Lifeguard Rescue 6.mp44220.jpg,0
Wavepool Lifeguard Rescue 15.mp41384.jpg,0
Wavepool Lifeguard Rescue 6.mp44451.jpg,0
Wavepool Lifeguard Rescue 11.mp42734.jpg,0
Wavepool Lifeguard Rescue 16.mp42230.jpg,1
Wavepool Lifeguard Rescue 12.mp4828.jpg,0
Wavepool Lifeguard Rescue 12.mp42013.jpg,0
Wavepool Lifeguard Rescue 13.mp4240.jpg,0
Wavepool Lifeguard Rescue 4.mp487.jpg,1
Wavepool Lifeguard Rescue 11.mp43377.jpg,0
Wavepool Lifeguard Rescue 12.mp41451.jpg,0
Wavepool Lifeguard Rescue 5.mp43401.jpg,0
Wavepool Lifeguard Rescue 12.mp42425.jpg,0
Wavepool Lifeguard Rescue 2.mp42820.jpg,0
Wavepool Lifeguard Rescue 4.mp42944.jpg,0
Wavepool Lifeguard Rescue.mp41695.jpg,0
Wavepool Lifeguard Rescue 15.mp45415.jpg,0
Wavepool Lifeguard Rescue 12.mp4101.jpg,0
Wavepool Lifeguard Rescue 12.mp42916.jpg,0
Wavepool Lifeguard Rescue 2.mp4130.jpg,0
Wavepool Lifeguard Rescue 12.mp4861.jpg,0
Wavepool Lifeguard Rescue 12.mp41816.jpg,0
Wavepool Lifeguard Rescue 4.mp42636.jpg,0
Wavepool Lifeguard Rescue 16.mp42244.jpg,0
Wavepool Lifeguard Rescue 4.mp4362.jpg,0
Wavepool Lifeguard Rescue 11.mp42598.jpg,0
Wavepool Lifeguard Rescue 11.mp41331.jpg,0
Wavepool Lifeguard Rescue 16.mp41879.jpg,0
Wavepool Lifeguard Rescue 8.mp4418.jpg,0
Wavepool Lifeguard Rescue 6.mp4952.jpg,0
Wavepool Lifeguard Rescue 2.mp4375.jpg,0
Wavepool Lifeguard Rescue.mp42648.jpg,0
Wavepool Lifeguard Rescue 15.mp44672.jpg,0
Wavepool Lifeguard Rescue.mp41351.jpg,0
Wavepool Lifeguard Rescue 15.mp42857.jpg,0
Wavepool Lifeguard Rescue 5.mp41468.jpg,0
Wavepool Lifeguard Rescue 12.mp41267.jpg,0
Wavepool Lifeguard Rescue 4.mp42906.jpg,0
Wavepool Lifeguard Rescue 6.mp44339.jpg,0
Wavepool Lifeguard Rescue 15.mp45068.jpg,0
Wavepool Lifeguard Rescue 16.mp4729.jpg,0
Wavepool Lifeguard Rescue 16.mp4550.jpg,1
Wavepool Lifeguard Rescue 16.mp43588.jpg,0
Wavepool Lifeguard Rescue 4.mp4901.jpg,0
Wavepool Lifeguard Rescue 15.mp43775.jpg,0
Wavepool Lifeguard Rescue 2.mp42608.jpg,0
Wavepool Lifeguard Rescue 15.mp45771.jpg,0
Wavepool Lifeguard Rescue 6.mp43553.jpg,0
Wavepool Lifeguard Rescue 4.mp4929.jpg,0
Wavepool Lifeguard Rescue 5.mp42031.jpg,0
Wavepool Lifeguard Rescue 15.mp45871.jpg,0
Wavepool Lifeguard Rescue.mp41013.jpg,0
Wavepool Lifeguard Rescue 4.mp41820.jpg,0
Wavepool Lifeguard Rescue 6.mp43301.jpg,0
Wavepool Lifeguard Rescue 16.mp4468.jpg,0
Wavepool Lifeguard Rescue 16.mp42475.jpg,0
Wavepool Lifeguard Rescue.mp42779.jpg,0
Wavepool Lifeguard Rescue 16.mp43157.jpg,0
Wavepool Lifeguard Rescue 15.mp43217.jpg,0
Wavepool Lifeguard Rescue 12.mp41398.jpg,0
Wavepool Lifeguard Rescue 11.mp4137.jpg,0
Wavepool Lifeguard Rescue 12.mp42240.jpg,0
Wavepool Lifeguard Rescue 15.mp4277.jpg,1
Wavepool Lifeguard Rescue 8.mp4842.jpg,0
Wavepool Lifeguard Rescue 2.mp42342.jpg,0
Wavepool Lifeguard Rescue 16.mp41763.jpg,0
Wavepool Lifeguard Rescue 4.mp42338.jpg,0
Wavepool Lifeguard Rescue 6.mp4910.jpg,0
Wavepool Lifeguard Rescue 12.mp42065.jpg,0
Wavepool Lifeguard Rescue 16.mp4918.jpg,0
Wavepool Lifeguard Rescue 15.mp41794.jpg,0
Wavepool Lifeguard Rescue 6.mp43561.jpg,0
Wavepool Lifeguard Rescue 6.mp44900.jpg,0
Wavepool Lifeguard Rescue.mp4223.jpg,1
Wavepool Lifeguard Rescue 15.mp45649.jpg,0
Wavepool Lifeguard Rescue 16.mp41102.jpg,0
Wavepool Lifeguard Rescue 11.mp4830.jpg,0
Wavepool Lifeguard Rescue 6.mp43517.jpg,0
Wavepool Lifeguard Rescue 15.mp42551.jpg,0
Wavepool Lifeguard Rescue 4.mp41395.jpg,0
Wavepool Lifeguard Rescue 10.mp41853.jpg,0
Wavepool Lifeguard Rescue 6.mp43568.jpg,0
Wavepool Lifeguard Rescue 15.mp4498.jpg,0
Wavepool Lifeguard Rescue 4.mp4567.jpg,1
Wavepool Lifeguard Rescue 10.mp4536.jpg,1
Wavepool Lifeguard Rescue 5.mp4819.jpg,0
Wavepool Lifeguard Rescue 11.mp43305.jpg,1
Wavepool Lifeguard Rescue 5.mp42408.jpg,0
Wavepool Lifeguard Rescue.mp42277.jpg,0
Wavepool Lifeguard Rescue 16.mp4372.jpg,0
Wavepool Lifeguard Rescue 16.mp488.jpg,0
Wavepool Lifeguard Rescue 9.mp4127.jpg,0
Wavepool Lifeguard Rescue 4.mp42488.jpg,1
Wavepool Lifeguard Rescue 5.mp42121.jpg,0
Wavepool Lifeguard Rescue 2.mp41811.jpg,0
Wavepool Lifeguard Rescue 6.mp4453.jpg,0
Wavepool Lifeguard Rescue 11.mp41060.jpg,0
Wavepool Lifeguard Rescue 4.mp41594.jpg,0
Wavepool Lifeguard Rescue.mp41040.jpg,0
Wavepool Lifeguard Rescue 11.mp41884.jpg,0
Wavepool Lifeguard Rescue 15.mp44977.jpg,0
Wavepool Lifeguard Rescue 16.mp4794.jpg,0
Wavepool Lifeguard Rescue 9.mp4593.jpg,0
Wavepool Lifeguard Rescue.mp41784.jpg,1
Wavepool Lifeguard Rescue 4.mp4383.jpg,0
Wavepool Lifeguard Rescue 15.mp4646.jpg,0
Wavepool Lifeguard Rescue 10.mp41343.jpg,0
Wavepool Lifeguard Rescue.mp42611.jpg,0
Wavepool Lifeguard Rescue 12.mp42552.jpg,0
Wavepool Lifeguard Rescue 6.mp44254.jpg,0
Wavepool Lifeguard Rescue 12.mp41021.jpg,0
Wavepool Lifeguard Rescue 16.mp41040.jpg,0
Wavepool Lifeguard Rescue 2.mp4382.jpg,0
Wavepool Lifeguard Rescue 13.mp41584.jpg,0
